{
	"a2Personal" : {
		"myFullName" : "Henil Pratikbhai Patel",
		"sheridanID" : "991631378",
		"sheridanLogin" : "pate3193",
		"sheridanProgram" : "Computer Programming",
		"sheridanEmail" : "pate3193@sheridancollege.ca"
	},	
	"myBooks" : [
		{"authorName" : "Harper Lee ", "bookTitle" : "To Kill a Mockingbird", "published" :1960 },
		{"authorName" : "George Orwell", "bookTitle" : "1984", "published" :1949 },
		{"authorName" : "F. Scott Fitzgerald", "bookTitle" : "The Great Gatsby", "published" : 1925},
		{"authorName" : "Jane Austen", "bookTitle" : "Pride and Prejudice", "published" : 1813},
		{"authorName" : "J.D. Salinger", "bookTitle" : "The Catcher in the Rye", "published" : 1951}	
	],
	"campusData" : [
		{"campus" : "Davis", "street" : "7899 McLaughlin Blvd", "city" : "Brampton"},
		{"campus" : "HMC", "street" : "4180 Duke of York Blvd", "city" : "Mississauga"},
		{"campus" : "Trafalgar", "street" : "1430 Trafalgar Road", "city" : "Oakville"}
	]
}